{
  "RMSE": 66.34263522599416,
  "MAE": 47.890139921200806
}