{
  "model_type": "deterministic",
  "MSE": 0.023207146674394608,
  "RMSE": 0.1523389220237732,
  "MAE": 0.11509045958518982
}